<atlassian-plugin key="${project.groupId}.${project.artifactId}" name="${project.name}" plugins-version="2">
    <plugin-info>
        <description>${project.description}</description>
        <version>${project.version}</version>
        <vendor name="${project.organization.name}" url="${project.organization.url}" />
    </plugin-info>

    <ao key="address-ao">
      <description>The AO interface for storing Address objects.</description>
      <entity>com.mycompany.jira.plugins.aoexample.Address</entity>
    </ao>

    <component-import key="ao" name="Active Objects components"
                      interface="com.atlassian.activeobjects.external.ActiveObjects">
      <description>Access to the Active Objects service</description>
    </component-import>

    <webwork1 key="exampleaction" 
              name="Example action" 
              class="java.lang.Object">
      <description>
        An example action
      </description>

      <actions>
        <action name="com.mycompany.jira.plugins.aoexample.AOExampleAction" 
                alias="AOExampleAction">
          <view name="success">/templates/com/mycompany/jira/plugins/aoexample/view.vm</view>
          <view name="error">/templates/com/mycompany/jira/plugins/aoexample/error.vm</view>
          <view name="securitybreach">/secure/views/securitybreach.jsp</view>
        </action>
      </actions>
    </webwork1>

</atlassian-plugin>
